fund_ticker,fund_name,security_name,security_ticker,security_weight,ingest_date
ARKF,ARK Fintech innovation ETF,Shopify Inc - Class A,SHOP,9.61,2025-09-13
ARKF,ARK Fintech innovation ETF,Coinbase Global Inc -class A,COIN,6.44,2025-09-13
ARKF,ARK Fintech innovation ETF,Goldman Fs Trsy Oblig Inst 468,"""NaN""",5.18,2025-09-13
ARKF,ARK Fintech innovation ETF,Robinhood Markets Inc - A,HOOD,5.0,2025-09-13
ARKF,ARK Fintech innovation ETF,Roblox Corp -class A,RBLX,4.4,2025-09-13
ARKF,ARK Fintech innovation ETF,Toast Inc-class A,TOST,4.21,2025-09-13
ARKF,ARK Fintech innovation ETF,Sofi Technologies Inc,SOFI,4.09,2025-09-13
ARKF,ARK Fintech innovation ETF,Palantir Technologies Inc-a,PLTR,4.03,2025-09-13
ARKF,ARK Fintech innovation ETF,Circle Internet Group Inc,CRCL,3.7,2025-09-13
ARKF,ARK Fintech innovation ETF,Ark Bitcoin Etf Holdco (arkf),"""NaN""",3.42,2025-09-13
ARKF,ARK Fintech innovation ETF,Roku Inc,ROKU,2.91,2025-09-13
ARKF,ARK Fintech innovation ETF,Block Inc,XYZ,2.9,2025-09-13
ARKF,ARK Fintech innovation ETF,Bitmine Immersion Technologi,BMNR,2.73,2025-09-13
ARKF,ARK Fintech innovation ETF,Mercadolibre Inc,MELI,2.54,2025-09-13
ARKF,ARK Fintech innovation ETF,Sea Ltd-adr,SE,2.26,2025-09-13
ARKG,ARK Genomic Revolution ETF,Tempus Ai Inc,TEM,12.45,2025-09-13
ARKG,ARK Genomic Revolution ETF,Crispr Therapeutics Ag,CRSP,9.39,2025-09-13
ARKG,ARK Genomic Revolution ETF,Twist Bioscience Corp,TWST,5.06,2025-09-13
ARKG,ARK Genomic Revolution ETF,Recursion Pharmaceuticals-a,RXRX,5.05,2025-09-13
ARKG,ARK Genomic Revolution ETF,Natera Inc,NTRA,4.52,2025-09-13
ARKG,ARK Genomic Revolution ETF,Personalis Inc,PSNL,4.49,2025-09-13
ARKG,ARK Genomic Revolution ETF,Guardant Health Inc,GH,4.22,2025-09-13
ARKG,ARK Genomic Revolution ETF,Beam Therapeutics Inc,BEAM,3.99,2025-09-13
ARKG,ARK Genomic Revolution ETF,Adaptive Biotechnologies,ADPT,3.98,2025-09-13
ARKG,ARK Genomic Revolution ETF,10x Genomics Inc-class A,TXG,3.84,2025-09-13
ARKG,ARK Genomic Revolution ETF,Ionis Pharmaceuticals Inc,IONS,3.76,2025-09-13
ARKG,ARK Genomic Revolution ETF,Veracyte Inc,VCYT,3.38,2025-09-13
ARKG,ARK Genomic Revolution ETF,Illumina Inc,ILMN,3.3,2025-09-13
ARKG,ARK Genomic Revolution ETF,Schrodinger Inc,SDGR,3.28,2025-09-13
ARKG,ARK Genomic Revolution ETF,Intellia Therapeutics Inc,NTLA,3.01,2025-09-13
ARKX,ARK Space Exploration & Innovation ETF,Kratos Defense & Security,KTOS,10.06,2025-09-13
ARKX,ARK Space Exploration & Innovation ETF,Rocket Lab,RKLB UQ,9.6,2025-09-13
ARKX,ARK Space Exploration & Innovation ETF,Aerovironment Inc,AVAV,6.77,2025-09-13
ARKX,ARK Space Exploration & Innovation ETF,L3harris Technologies Inc,LHX,6.41,2025-09-13
ARKX,ARK Space Exploration & Innovation ETF,Teradyne Inc,TER,5.88,2025-09-13
ARKX,ARK Space Exploration & Innovation ETF,Palantir Technologies Inc-a,PLTR,5.64,2025-09-13
ARKX,ARK Space Exploration & Innovation ETF,Archer Aviation Inc-a,ACHR,5.26,2025-09-13
ARKX,ARK Space Exploration & Innovation ETF,Trimble Inc,TRMB,4.87,2025-09-13
ARKX,ARK Space Exploration & Innovation ETF,Iridium Communications Inc,IRDM,4.86,2025-09-13
ARKX,ARK Space Exploration & Innovation ETF,Amazon.com Inc,AMZN,3.76,2025-09-13
ARKX,ARK Space Exploration & Innovation ETF,Deere & Co,DE,3.4,2025-09-13
ARKX,ARK Space Exploration & Innovation ETF,Advanced Micro Devices,AMD,3.37,2025-09-13
ARKX,ARK Space Exploration & Innovation ETF,Joby Aviation Inc,JOBY,2.82,2025-09-13
ARKX,ARK Space Exploration & Innovation ETF,Nvidia Corp,NVDA,2.68,2025-09-13
ARKX,ARK Space Exploration & Innovation ETF,Komatsu Ltd,6301,2.52,2025-09-13
BOTZ,Robotics & Artificial Intelligence ETF,Nvidia Corp,NVDA,11.68,2025-09-13
BOTZ,Robotics & Artificial Intelligence ETF,Abb Ltd-reg,ABBN SW,9.41,2025-09-13
BOTZ,Robotics & Artificial Intelligence ETF,Fanuc Corp,6954 JP,7.12,2025-09-13
BOTZ,Robotics & Artificial Intelligence ETF,Keyence Corp,6861 JP,6.69,2025-09-13
BOTZ,Robotics & Artificial Intelligence ETF,Intuitive Surgical Inc,ISRG,6.17,2025-09-13
BOTZ,Robotics & Artificial Intelligence ETF,Daifuku Co Ltd,6383 JP,4.61,2025-09-13
BOTZ,Robotics & Artificial Intelligence ETF,Pegasystems Inc,PEGA,3.9,2025-09-13
BOTZ,Robotics & Artificial Intelligence ETF,Dynatrace Inc,DT,3.75,2025-09-13
BOTZ,Robotics & Artificial Intelligence ETF,Smc Corp,6273 JP,3.35,2025-09-13
BOTZ,Robotics & Artificial Intelligence ETF,Cognex Corp,CGNX,2.98,2025-09-13
BOTZ,Robotics & Artificial Intelligence ETF,Jbt Marel Corp,JBTM,2.84,2025-09-13
BOTZ,Robotics & Artificial Intelligence ETF,Aerovironment Inc,AVAV,2.67,2025-09-13
BOTZ,Robotics & Artificial Intelligence ETF,Upstart Holdings Inc,UPST,2.28,2025-09-13
BOTZ,Robotics & Artificial Intelligence ETF,Omron Corp,6645 JP,2.15,2025-09-13
BOTZ,Robotics & Artificial Intelligence ETF,Yaskawa Electric Corp,6506 JP,2.14,2025-09-13
COPX,Copper Miners ETF,Zijin Mining-h,2899 HK,5.51,2025-09-13
COPX,Copper Miners ETF,Lundin Mining Corp,LUN CN,5.22,2025-09-13
COPX,Copper Miners ETF,Hudbay Minerals Inc,HBM CN,5.03,2025-09-13
COPX,Copper Miners ETF,First Quantum,FM CN,4.97,2025-09-13
COPX,Copper Miners ETF,Sumitomo Met Min,5713 JP,4.89,2025-09-13
COPX,Copper Miners ETF,Antofagasta Plc,ANTO LN,4.72,2025-09-13
COPX,Copper Miners ETF,Freeport-mcmoran Inc,FCX,4.69,2025-09-13
COPX,Copper Miners ETF,Boliden Ab,BOL SS,4.16,2025-09-13
COPX,Copper Miners ETF,Southern Copper Corp,SCCO,4.11,2025-09-13
COPX,Copper Miners ETF,Kghm Polska Miedz Sa,KGH PW,4.07,2025-09-13
COPX,Copper Miners ETF,Bhp Group Ltd,BHP AU,3.99,2025-09-13
COPX,Copper Miners ETF,Capstone Copper Corp,CS CN,3.94,2025-09-13
COPX,Copper Miners ETF,Glencore Plc,GLEN LN,3.83,2025-09-13
COPX,Copper Miners ETF,Sandfire Resources Ltd,SFR AU,3.69,2025-09-13
COPX,Copper Miners ETF,China Gold Inter,2099 HK,3.67,2025-09-13
EWJ,iShares MSCI Japan ETF,Toyota Motor Corp,7203,4.23,2025-09-13
EWJ,iShares MSCI Japan ETF,Mitsubishi Ufj Financial Group Inc,8306,4.05,2025-09-13
EWJ,iShares MSCI Japan ETF,Sony Group Corp,6758,4.05,2025-09-13
EWJ,iShares MSCI Japan ETF,Hitachi Ltd,6501,2.92,2025-09-13
EWJ,iShares MSCI Japan ETF,Softbank Group Corp,9984,2.65,2025-09-13
EWJ,iShares MSCI Japan ETF,Nintendo Ltd,7974,2.42,2025-09-13
EWJ,iShares MSCI Japan ETF,Sumitomo Mitsui Financial Group In,8316,2.33,2025-09-13
EWJ,iShares MSCI Japan ETF,Mitsubishi Heavy Industries Ltd,7011,1.89,2025-09-13
EWJ,iShares MSCI Japan ETF,Mizuho Financial Group Inc,8411,1.88,2025-09-13
EWJ,iShares MSCI Japan ETF,Tokio Marine Holdings Inc,8766,1.84,2025-09-13
EWJ,iShares MSCI Japan ETF,Recruit Holdings Ltd,6098,1.72,2025-09-13
EWJ,iShares MSCI Japan ETF,Mitsubishi Corp,8058,1.71,2025-09-13
EWJ,iShares MSCI Japan ETF,Keyence Corp,6861,1.68,2025-09-13
EWJ,iShares MSCI Japan ETF,Advantest Corp,6857,1.62,2025-09-13
EWJ,iShares MSCI Japan ETF,Itochu Corp,8001,1.57,2025-09-13
EWY,iShares MSCI South Korea ETF,Samsung Electronics Ltd,005930,21.48,2025-09-13
EWY,iShares MSCI South Korea ETF,Sk Hynix Inc,000660,11.95,2025-09-13
EWY,iShares MSCI South Korea ETF,Kb Financial Group Inc,105560,3.19,2025-09-13
EWY,iShares MSCI South Korea ETF,Hanwha Aerospace Ltd,012450,2.54,2025-09-13
EWY,iShares MSCI South Korea ETF,Naver Corp,035420,2.41,2025-09-13
EWY,iShares MSCI South Korea ETF,Hyundai Motor,005380,2.21,2025-09-13
EWY,iShares MSCI South Korea ETF,Shinhan Financial Group Ltd,055550,2.13,2025-09-13
EWY,iShares MSCI South Korea ETF,Celltrion Inc,068270,2.05,2025-09-13
EWY,iShares MSCI South Korea ETF,Doosan Enerbility Ltd,034020,2.05,2025-09-13
EWY,iShares MSCI South Korea ETF,Hana Financial Group Inc,086790,1.86,2025-09-13
EWY,iShares MSCI South Korea ETF,Kia Corporation Corp,000270,1.86,2025-09-13
EWY,iShares MSCI South Korea ETF,Posco,005490,1.46,2025-09-13
EWY,iShares MSCI South Korea ETF,Hyundai Mobis Ltd,012330,1.42,2025-09-13
EWY,iShares MSCI South Korea ETF,Alteogen Inc,196170,1.41,2025-09-13
EWY,iShares MSCI South Korea ETF,Kakao Corp,035720,1.4,2025-09-13
GDX,VanEck Gold Miners ETF,Newmont Corp,NEM US,13.07,2025-09-13
GDX,VanEck Gold Miners ETF,Agnico Eagle Mines Ltd,AEM US,11.56,2025-09-13
GDX,VanEck Gold Miners ETF,Barrick Mining Corp,B US,7.59,2025-09-13
GDX,VanEck Gold Miners ETF,Wheaton Precious Metals Corp,WPM US,7.16,2025-09-13
GDX,VanEck Gold Miners ETF,Franco-nevada Corp,FNV US,5.72,2025-09-13
GDX,VanEck Gold Miners ETF,Gold Fields Ltd,GFI US,4.95,2025-09-13
GDX,VanEck Gold Miners ETF,Anglogold Ashanti Plc,AU US,4.55,2025-09-13
GDX,VanEck Gold Miners ETF,Kinross Gold Corp,KGC US,4.21,2025-09-13
GDX,VanEck Gold Miners ETF,Zijin Mining Group Co Ltd,2899 HK,3.32,2025-09-13
GDX,VanEck Gold Miners ETF,Northern Star Resources Ltd,NST AU,2.86,2025-09-13
GDX,VanEck Gold Miners ETF,Pan American Silver Corp,PAAS US,2.3,2025-09-13
GDX,VanEck Gold Miners ETF,Alamos Gold Inc,AGI US,2.08,2025-09-13
GDX,VanEck Gold Miners ETF,Royal Gold Inc,RGLD US,1.83,2025-09-13
GDX,VanEck Gold Miners ETF,Evolution Mining Ltd,EVN AU,1.8,2025-09-13
GDX,VanEck Gold Miners ETF,Zhaojin Mining Industry Co Ltd,1818 HK,1.59,2025-09-13
GXC,SPDR S&P China ETF,Tencent Holdings Ltd,700,13.42,2025-09-13
GXC,SPDR S&P China ETF,Alibaba Group Holding Ltd,9988,7.96,2025-09-13
GXC,SPDR S&P China ETF,Xiaomi Corp Class B,1810,3.17,2025-09-13
GXC,SPDR S&P China ETF,China Construction Bank H,939,2.72,2025-09-13
GXC,SPDR S&P China ETF,Pdd Holdings Inc,PDD,2.49,2025-09-13
GXC,SPDR S&P China ETF,Meituan Class B,3690,1.86,2025-09-13
GXC,SPDR S&P China ETF,Ind + Comm Bk Of China H,1398,1.53,2025-09-13
GXC,SPDR S&P China ETF,Netease Inc,9999,1.38,2025-09-13
GXC,SPDR S&P China ETF,Bank Of China Ltd H,3988,1.31,2025-09-13
GXC,SPDR S&P China ETF,Byd Co Ltd H,1211,1.3,2025-09-13
GXC,SPDR S&P China ETF,Jd.com Inc Class A,9618,1.28,2025-09-13
GXC,SPDR S&P China ETF,Ping An Insurance Group Co H,2318,1.23,2025-09-13
GXC,SPDR S&P China ETF,Trip.com Group Ltd,9961,1.1,2025-09-13
GXC,SPDR S&P China ETF,Baidu Inc Class A,9888,0.85,2025-09-13
GXC,SPDR S&P China ETF,Kuaishou Technology,1024,0.67,2025-09-13
HACK,Amplify Cybersecurity ETF,Broadcom Inc,AVGO,10.87,2025-09-13
HACK,Amplify Cybersecurity ETF,Cisco Systems Inc,CSCO,6.16,2025-09-13
HACK,Amplify Cybersecurity ETF,Cloudflare Inc,NET,6.02,2025-09-13
HACK,Amplify Cybersecurity ETF,Northrop Grumman Corp,NOC,5.69,2025-09-13
HACK,Amplify Cybersecurity ETF,General Dynamics Corp,GD,5.68,2025-09-13
HACK,Amplify Cybersecurity ETF,Palo Alto Networks Inc,PANW,5.4,2025-09-13
HACK,Amplify Cybersecurity ETF,Cyberark Software Ltd,CYBR,4.91,2025-09-13
HACK,Amplify Cybersecurity ETF,Crowdstrike Holdings Inc,CRWD,4.84,2025-09-13
HACK,Amplify Cybersecurity ETF,Zscaler Inc,ZS,4.37,2025-09-13
HACK,Amplify Cybersecurity ETF,F5 Inc,FFIV,4.31,2025-09-13
HACK,Amplify Cybersecurity ETF,Gen Digital Inc,GEN,3.98,2025-09-13
HACK,Amplify Cybersecurity ETF,Varonis Systems Inc,VRNS,3.87,2025-09-13
HACK,Amplify Cybersecurity ETF,Fortinet Inc,FTNT,3.77,2025-09-13
HACK,Amplify Cybersecurity ETF,Sentinelone Inc,S,3.49,2025-09-13
HACK,Amplify Cybersecurity ETF,Check Point Software Technologies Ltd,CHKP,3.43,2025-09-13
IGV,iShares Expanded Tech-Software Sector ETF,Oracle Corp,ORCL,12.51,2025-09-13
IGV,iShares Expanded Tech-Software Sector ETF,Palantir Technologies Inc Class A,PLTR,9.88,2025-09-13
IGV,iShares Expanded Tech-Software Sector ETF,Microsoft Corp,MSFT,8.5,2025-09-13
IGV,iShares Expanded Tech-Software Sector ETF,Salesforce Inc,CRM,6.92,2025-09-13
IGV,iShares Expanded Tech-Software Sector ETF,Intuit Inc,INTU,5.41,2025-09-13
IGV,iShares Expanded Tech-Software Sector ETF,Servicenow Inc,NOW,4.53,2025-09-13
IGV,iShares Expanded Tech-Software Sector ETF,Palo Alto Networks Inc,PANW,4.02,2025-09-13
IGV,iShares Expanded Tech-Software Sector ETF,Applovin Corp Class A,APP,3.88,2025-09-13
IGV,iShares Expanded Tech-Software Sector ETF,Adobe Inc,ADBE,3.64,2025-09-13
IGV,iShares Expanded Tech-Software Sector ETF,Crowdstrike Holdings Inc Class A,CRWD,3.31,2025-09-13
IGV,iShares Expanded Tech-Software Sector ETF,Cadence Design Systems Inc,CDNS,2.97,2025-09-13
IGV,iShares Expanded Tech-Software Sector ETF,Strategy Inc Class A,MSTR,2.53,2025-09-13
IGV,iShares Expanded Tech-Software Sector ETF,Synopsys Inc,SNPS,2.48,2025-09-13
IGV,iShares Expanded Tech-Software Sector ETF,Autodesk Inc,ADSK,2.13,2025-09-13
IGV,iShares Expanded Tech-Software Sector ETF,Roper Technologies Inc,ROP,1.7,2025-09-13
IHF,iShares U.S. Healthcare Providers ETF,Unitedhealth Group Inc,UNH,25.06,2025-09-13
IHF,iShares U.S. Healthcare Providers ETF,Cvs Health Corp,CVS,11.43,2025-09-13
IHF,iShares U.S. Healthcare Providers ETF,Elevance Health Inc,ELV,8.61,2025-09-13
IHF,iShares U.S. Healthcare Providers ETF,Humana Inc,HUM,5.29,2025-09-13
IHF,iShares U.S. Healthcare Providers ETF,Hca Healthcare Inc,HCA,4.82,2025-09-13
IHF,iShares U.S. Healthcare Providers ETF,Cigna,CI,4.34,2025-09-13
IHF,iShares U.S. Healthcare Providers ETF,Veeva Systems Inc Class A,VEEV,4.26,2025-09-13
IHF,iShares U.S. Healthcare Providers ETF,Labcorp Holdings Inc,LH,3.69,2025-09-13
IHF,iShares U.S. Healthcare Providers ETF,Quest Diagnostics Inc,DGX,3.22,2025-09-13
IHF,iShares U.S. Healthcare Providers ETF,Tenet Healthcare Corp,THC,2.83,2025-09-13
IHF,iShares U.S. Healthcare Providers ETF,Centene Corp,CNC,2.67,2025-09-13
IHF,iShares U.S. Healthcare Providers ETF,Encompass Health Corp,EHC,2.01,2025-09-13
IHF,iShares U.S. Healthcare Providers ETF,Universal Health Services Inc Clas,UHS,1.72,2025-09-13
IHF,iShares U.S. Healthcare Providers ETF,Molina Healthcare Inc,MOH,1.61,2025-09-13
IHF,iShares U.S. Healthcare Providers ETF,Hims Hers Health Inc Class A,HIMS,1.6,2025-09-13
INDA,iShares MSCI India ETF,Hdfc Bank Ltd,HDFCBANK,8.22,2025-09-13
INDA,iShares MSCI India ETF,Reliance Industries Ltd,RELIANCE,6.3,2025-09-13
INDA,iShares MSCI India ETF,Icici Bank Ltd,ICICIBANK,5.55,2025-09-13
INDA,iShares MSCI India ETF,Infosys Ltd,INFY,3.75,2025-09-13
INDA,iShares MSCI India ETF,Bharti Airtel Ltd,BHARTIARTL,3.67,2025-09-13
INDA,iShares MSCI India ETF,Blk Csh Fnd Treasury Sl Agency,XTSLA,2.85,2025-09-13
INDA,iShares MSCI India ETF,Mahindra And Mahindra Ltd,M&M,2.51,2025-09-13
INDA,iShares MSCI India ETF,Tata Consultancy Services Ltd,TCS,2.11,2025-09-13
INDA,iShares MSCI India ETF,Bajaj Finance Ltd,BAJFINANCE,2.03,2025-09-13
INDA,iShares MSCI India ETF,Axis Bank Ltd,AXISBANK,1.87,2025-09-13
INDA,iShares MSCI India ETF,Larsen And Toubro Ltd,LT,1.78,2025-09-13
INDA,iShares MSCI India ETF,Hindustan Unilever Ltd,HINDUNILVR,1.61,2025-09-13
INDA,iShares MSCI India ETF,Kotak Mahindra Bank Ltd,KOTAKBANK,1.61,2025-09-13
INDA,iShares MSCI India ETF,Maruti Suzuki India Ltd,MARUTI,1.42,2025-09-13
INDA,iShares MSCI India ETF,Sun Pharmaceutical Industries Ltd,SUNPHARMA,1.16,2025-09-13
IWM,iShares Russell 2000 ETF,Credo Technology Group Holding Ltd,CRDO,0.83,2025-09-13
IWM,iShares Russell 2000 ETF,Bloom Energy Class A Corp,BE,0.49,2025-09-13
IWM,iShares Russell 2000 ETF,Fabrinet,FN,0.46,2025-09-13
IWM,iShares Russell 2000 ETF,Ionq Inc,IONQ,0.4,2025-09-13
IWM,iShares Russell 2000 ETF,Kratos Defense And Security Soluti,KTOS,0.4,2025-09-13
IWM,iShares Russell 2000 ETF,Echostar Corp Class A,SATS,0.37,2025-09-13
IWM,iShares Russell 2000 ETF,Coeur Mining Inc,CDE,0.35,2025-09-13
IWM,iShares Russell 2000 ETF,Hims Hers Health Inc Class A,HIMS,0.35,2025-09-13
IWM,iShares Russell 2000 ETF,Ensign Group Inc,ENSG,0.34,2025-09-13
IWM,iShares Russell 2000 ETF,Nextracker Inc Class A,NXT,0.34,2025-09-13
IWM,iShares Russell 2000 ETF,Rambus Inc,RMBS,0.34,2025-09-13
IWM,iShares Russell 2000 ETF,Sterling Infrastructure Inc,STRL,0.34,2025-09-13
IWM,iShares Russell 2000 ETF,Spx Technologies Inc,SPXC,0.33,2025-09-13
IWM,iShares Russell 2000 ETF,Blk Csh Fnd Treasury Sl Agency,XTSLA,0.32,2025-09-13
IWM,iShares Russell 2000 ETF,Chart Industries Inc,GTLS,0.32,2025-09-13
JETS,U.S. Global Jets ETF,Southwest Airlines Co,LUV,10.78,2025-09-13
JETS,U.S. Global Jets ETF,American Airlines Group Inc,AAL,10.76,2025-09-13
JETS,U.S. Global Jets ETF,Delta Air Lines Inc,DAL,10.69,2025-09-13
JETS,U.S. Global Jets ETF,United Airlines Holdings Inc,UAL,10.53,2025-09-13
JETS,U.S. Global Jets ETF,Sun Country Airlines Holdings Inc,SNCY,3.02,2025-09-13
JETS,U.S. Global Jets ETF,Air Canada,AC CN,3.01,2025-09-13
JETS,U.S. Global Jets ETF,Allegiant Travel Co,ALGT,3.01,2025-09-13
JETS,U.S. Global Jets ETF,Alaska Air Group Inc,ALK,2.99,2025-09-13
JETS,U.S. Global Jets ETF,Skywest Inc,SKYW,2.97,2025-09-13
JETS,U.S. Global Jets ETF,Jetblue Airways Corp,JBLU,2.93,2025-09-13
JETS,U.S. Global Jets ETF,Frontier Group Holdings Inc,ULCC,2.9,2025-09-13
JETS,U.S. Global Jets ETF,Expedia Group Inc,EXPE,2.02,2025-09-13
JETS,U.S. Global Jets ETF,Bombardier Inc,BBD/B CN,2.01,2025-09-13
JETS,U.S. Global Jets ETF,Booking Holdings Inc,BKNG,2.0,2025-09-13
JETS,U.S. Global Jets ETF,General Dynamics Corp,GD,1.99,2025-09-13
KIE,SPDR S&P Insurance ETF,Oscar Health Inc   Class A,OSCR,2.54,2025-09-13
KIE,SPDR S&P Insurance ETF,Lincoln National Corp,LNC,2.36,2025-09-13
KIE,SPDR S&P Insurance ETF,Genworth Financial Inc,GNW,2.35,2025-09-13
KIE,SPDR S&P Insurance ETF,Mercury General Corp,MCY,2.25,2025-09-13
KIE,SPDR S&P Insurance ETF,Globe Life Inc,GL,2.2,2025-09-13
KIE,SPDR S&P Insurance ETF,Lemonade Inc,LMND,2.2,2025-09-13
KIE,SPDR S&P Insurance ETF,First American Financial,FAF,2.15,2025-09-13
KIE,SPDR S&P Insurance ETF,Willis Towers Watson Plc,WTW,2.13,2025-09-13
KIE,SPDR S&P Insurance ETF,American Financial Group Inc,AFG,2.11,2025-09-13
KIE,SPDR S&P Insurance ETF,Loews Corp,L,2.05,2025-09-13
KIE,SPDR S&P Insurance ETF,Old Republic Intl Corp,ORI,2.04,2025-09-13
KIE,SPDR S&P Insurance ETF,Fidelity National Financial,FNF,2.02,2025-09-13
KIE,SPDR S&P Insurance ETF,Assurant Inc,AIZ,2.01,2025-09-13
KIE,SPDR S&P Insurance ETF,Aflac Inc,AFL,1.98,2025-09-13
KIE,SPDR S&P Insurance ETF,Hartford Insurance Group Inc,HIG,1.98,2025-09-13
KRE,SPDR S&P Regional Banking ETF,Citizens Financial Group,CFG,2.76,2025-09-13
KRE,SPDR S&P Regional Banking ETF,Regions Financial Corp,RF,2.68,2025-09-13
KRE,SPDR S&P Regional Banking ETF,Western Alliance Bancorp,WAL,2.66,2025-09-13
KRE,SPDR S&P Regional Banking ETF,Zions Bancorp Na,ZION,2.63,2025-09-13
KRE,SPDR S&P Regional Banking ETF,East West Bancorp Inc,EWBC,2.58,2025-09-13
KRE,SPDR S&P Regional Banking ETF,Valley National Bancorp,VLY,2.54,2025-09-13
KRE,SPDR S&P Regional Banking ETF,Webster Financial Corp,WBS,2.54,2025-09-13
KRE,SPDR S&P Regional Banking ETF,Southstate Bank Corp,SSB,2.52,2025-09-13
KRE,SPDR S&P Regional Banking ETF,First Horizon Corp,FHN,2.5,2025-09-13
KRE,SPDR S&P Regional Banking ETF,Truist Financial Corp,TFC,2.49,2025-09-13
KRE,SPDR S&P Regional Banking ETF,Huntington Bancshares Inc,HBAN,2.44,2025-09-13
KRE,SPDR S&P Regional Banking ETF,M + T Bank Corp,MTB,2.37,2025-09-13
KRE,SPDR S&P Regional Banking ETF,Popular Inc,BPOP,2.15,2025-09-13
KRE,SPDR S&P Regional Banking ETF,Umb Financial Corp,UMBF,2.04,2025-09-13
KRE,SPDR S&P Regional Banking ETF,Synovus Financial Corp,SNV,2.03,2025-09-13
KWEB,KraneShares CSI China Internet ETF,Tencent Holdings Ltd,700,10.69,2025-09-13
KWEB,KraneShares CSI China Internet ETF,Alibaba Group Holding Ltd,9988,9.72,2025-09-13
KWEB,KraneShares CSI China Internet ETF,Pdd Holdings Inc,PDD,7.47,2025-09-13
KWEB,KraneShares CSI China Internet ETF,Jd Health,6618,5.14,2025-09-13
KWEB,KraneShares CSI China Internet ETF,Jd.com Inc-class A,9618,5.13,2025-09-13
KWEB,KraneShares CSI China Internet ETF,Tencent Musi-adr,TME,4.73,2025-09-13
KWEB,KraneShares CSI China Internet ETF,Kanzhun Ltd - Adr,BZ,4.61,2025-09-13
KWEB,KraneShares CSI China Internet ETF,Meituan-class B,3690,4.61,2025-09-13
KWEB,KraneShares CSI China Internet ETF,Baidu Inc-class A,9888,4.34,2025-09-13
KWEB,KraneShares CSI China Internet ETF,Kuaishou Technology,1024,4.3,2025-09-13
KWEB,KraneShares CSI China Internet ETF,Trip.com Group Ltd,9961,4.11,2025-09-13
KWEB,KraneShares CSI China Internet ETF,Netease Inc,9999,3.89,2025-09-13
KWEB,KraneShares CSI China Internet ETF,Full Truck A-adr,YMM,3.76,2025-09-13
KWEB,KraneShares CSI China Internet ETF,Ke Holdings Inc-cl A,2423,3.64,2025-09-13
KWEB,KraneShares CSI China Internet ETF,Bilibili Inc-class Z,9626,3.42,2025-09-13
MAGS,Magnificent Seven ETF,United States Treasury Bill 10/16/2025,912797QF7,53.49,2025-09-13
MAGS,Magnificent Seven ETF,Nvidia Corp Swap,67066G104 TRS 071426 NM,8.32,2025-09-13
MAGS,Magnificent Seven ETF,Alphabet Inc-cl A Swap,02079K305 TRS 071426 NM,8.15,2025-09-13
MAGS,Magnificent Seven ETF,Tesla Inc Swap,88160R101 TRS 071426 NM,7.8,2025-09-13
MAGS,Magnificent Seven ETF,Microsoft Corp Swap,594918104 TRS 071426 NM,7.37,2025-09-13
MAGS,Magnificent Seven ETF,Alphabet Inc,GOOGL,6.82,2025-09-13
MAGS,Magnificent Seven ETF,Meta Platforms Inc-class A Swap,30303M102 TRS 071426 NM,6.38,2025-09-13
MAGS,Magnificent Seven ETF,Amazon.com Inc Swap,023135106 TRS 071426 NM,6.37,2025-09-13
MAGS,Magnificent Seven ETF,Apple Inc Swap,037833100 TRS 071426 NM,6.02,2025-09-13
MAGS,Magnificent Seven ETF,Apple Inc,AAPL,5.56,2025-09-13
MAGS,Magnificent Seven ETF,Amazon.com Inc,AMZN,4.8,2025-09-13
MAGS,Magnificent Seven ETF,Nvidia Corp,NVDA,3.99,2025-09-13
MAGS,Magnificent Seven ETF,Meta Platforms Inc,META,3.96,2025-09-13
MAGS,Magnificent Seven ETF,Tesla Inc,TSLA,3.15,2025-09-13
MAGS,Magnificent Seven ETF,Microsoft Corp,MSFT,3.03,2025-09-13
MSOS,AdvisorShares Pure US Cannabis ETF,Derivatives Collateral Nomura,"""NaN""",60.78,2025-09-13
MSOS,AdvisorShares Pure US Cannabis ETF,Curaleaf Holdings Inc Swap,CURLF,22.66,2025-09-13
MSOS,AdvisorShares Pure US Cannabis ETF,Trulieve Cannabis Swap,TCNNF,22.02,2025-09-13
MSOS,AdvisorShares Pure US Cannabis ETF,Green Thumb Industries Swap,GTBIF,22.01,2025-09-13
MSOS,AdvisorShares Pure US Cannabis ETF,Blackrock Treasury Trust Instl 62,"""NaN""",14.36,2025-09-13
MSOS,AdvisorShares Pure US Cannabis ETF,Derivatives Collateral Nbc,"""NaN""",12.83,2025-09-13
MSOS,AdvisorShares Pure US Cannabis ETF,Derivatives Collateral Cf Secured,"""NaN""",7.72,2025-09-13
MSOS,AdvisorShares Pure US Cannabis ETF,Cresco Labs Inc Swap,CRLBF,6.01,2025-09-13
MSOS,AdvisorShares Pure US Cannabis ETF,Verano Holdings Corp Swap,VRNOF,6.0,2025-09-13
MSOS,AdvisorShares Pure US Cannabis ETF,Glass House Brands Swap,GLASF,5.95,2025-09-13
MSOS,AdvisorShares Pure US Cannabis ETF,Terrascend Corp Swap,TSNDF,5.87,2025-09-13
MSOS,AdvisorShares Pure US Cannabis ETF,Derivatives Collateral Clearstreet,"""NaN""",3.0,2025-09-13
MSOS,AdvisorShares Pure US Cannabis ETF,Jushi Holdings Inc Swap,JUSHF,2.52,2025-09-13
MSOS,AdvisorShares Pure US Cannabis ETF,Village Farms International,VFF,1.15,2025-09-13
MSOS,AdvisorShares Pure US Cannabis ETF,Cannabist Company Holdings Inc Swap,CBSTF,0.79,2025-09-13
NUKZ,Range Nuclear Renaissance Index ETF,Cameco Corp,CCJ,10.23,2025-09-13
NUKZ,Range Nuclear Renaissance Index ETF,Constellation Energy,CEG,8.02,2025-09-13
NUKZ,Range Nuclear Renaissance Index ETF,Centrus Energy Corp-class A,LEU,4.08,2025-09-13
NUKZ,Range Nuclear Renaissance Index ETF,Oklo Inc,OKLO,3.96,2025-09-13
NUKZ,Range Nuclear Renaissance Index ETF,Ge Vernova Inc,GEV,3.84,2025-09-13
NUKZ,Range Nuclear Renaissance Index ETF,Nuscale Power Corp,SMR,2.93,2025-09-13
NUKZ,Range Nuclear Renaissance Index ETF,Rolls-royce Holdings Plc,RR/ LN,2.93,2025-09-13
NUKZ,Range Nuclear Renaissance Index ETF,Asp Isotopes Inc,ASPI,2.81,2025-09-13
NUKZ,Range Nuclear Renaissance Index ETF,Vistra Corp,VST,2.67,2025-09-13
NUKZ,Range Nuclear Renaissance Index ETF,Samsung C&t Corp,028260 KS,2.64,2025-09-13
NUKZ,Range Nuclear Renaissance Index ETF,Curtiss-wright Corp,CW,2.61,2025-09-13
NUKZ,Range Nuclear Renaissance Index ETF,Quanta Services Inc,PWR,2.44,2025-09-13
NUKZ,Range Nuclear Renaissance Index ETF,Mitsubishi Heavy Industries,7011 JP,2.25,2025-09-13
NUKZ,Range Nuclear Renaissance Index ETF,Cez As,CEZ CP,2.21,2025-09-13
NUKZ,Range Nuclear Renaissance Index ETF,Talen Energy Corp,TLN,2.17,2025-09-13
OIH,VanEck Oil Services ETF,Schlumberger Nv,SLB US,22.56,2025-09-13
OIH,VanEck Oil Services ETF,Baker Hughes Co,BKR US,15.37,2025-09-13
OIH,VanEck Oil Services ETF,Halliburton Co,HAL US,6.88,2025-09-13
OIH,VanEck Oil Services ETF,Technipfmc Plc,FTI US,5.67,2025-09-13
OIH,VanEck Oil Services ETF,Tenaris Sa,TS US,4.61,2025-09-13
OIH,VanEck Oil Services ETF,Weatherford International Plc,WFRD US,4.43,2025-09-13
OIH,VanEck Oil Services ETF,Noble Corp Plc,NE US,4.4,2025-09-13
OIH,VanEck Oil Services ETF,Nov Inc,NOV US,4.14,2025-09-13
OIH,VanEck Oil Services ETF,Valaris Ltd,VAL US,4.08,2025-09-13
OIH,VanEck Oil Services ETF,Tidewater Inc,TDW US,3.63,2025-09-13
OIH,VanEck Oil Services ETF,Transocean Ltd,RIG US,3.61,2025-09-13
OIH,VanEck Oil Services ETF,Cactus Inc,WHD US,3.36,2025-09-13
OIH,VanEck Oil Services ETF,Oceaneering International Inc,OII US,2.82,2025-09-13
OIH,VanEck Oil Services ETF,Helmerich & Payne Inc,HP US,2.38,2025-09-13
OIH,VanEck Oil Services ETF,Patterson-uti Energy Inc,PTEN US,2.38,2025-09-13
QQQE,NASDAQ-100 Equal Weighted Index Shares,Applovin Corp-class A,APP,1.68,2025-09-13
QQQE,NASDAQ-100 Equal Weighted Index Shares,Warner Bros Discovery Inc,WBD,1.47,2025-09-13
QQQE,NASDAQ-100 Equal Weighted Index Shares,Broadcom Inc,AVGO,1.37,2025-09-13
QQQE,NASDAQ-100 Equal Weighted Index Shares,Shopify Inc - Class A,SHOP,1.3,2025-09-13
QQQE,NASDAQ-100 Equal Weighted Index Shares,Lam Research Corp,LRCX,1.22,2025-09-13
QQQE,NASDAQ-100 Equal Weighted Index Shares,Pdd Holdings Inc,PDD,1.19,2025-09-13
QQQE,NASDAQ-100 Equal Weighted Index Shares,Idexx Laboratories Inc,IDXX,1.18,2025-09-13
QQQE,NASDAQ-100 Equal Weighted Index Shares,Nvidia Corp,NVDA,1.18,2025-09-13
QQQE,NASDAQ-100 Equal Weighted Index Shares,Advanced Micro Devices,AMD,1.16,2025-09-13
QQQE,NASDAQ-100 Equal Weighted Index Shares,Micron Technology Inc,MU,1.16,2025-09-13
QQQE,NASDAQ-100 Equal Weighted Index Shares,Baker Hughes Co,BKR,1.15,2025-09-13
QQQE,NASDAQ-100 Equal Weighted Index Shares,Cadence Design Sys Inc,CDNS,1.15,2025-09-13
QQQE,NASDAQ-100 Equal Weighted Index Shares,O'reilly Automotive Inc,ORLY,1.15,2025-09-13
QQQE,NASDAQ-100 Equal Weighted Index Shares,Palantir Technologies Inc-a,PLTR,1.14,2025-09-13
QQQE,NASDAQ-100 Equal Weighted Index Shares,Doordash Inc - A,DASH,1.13,2025-09-13
QTUM,Defiance Quantum ETF,Mongodb Inc,MDB,1.86,2025-09-13
QTUM,Defiance Quantum ETF,Tower Semiconductor Ltd,TSEM,1.85,2025-09-13
QTUM,Defiance Quantum ETF,Synopsys Inc,SNPS,1.81,2025-09-13
QTUM,Defiance Quantum ETF,Teradyne Inc,TER,1.67,2025-09-13
QTUM,Defiance Quantum ETF,Alchip Technologies Ltd,3661 TT,1.63,2025-09-13
QTUM,Defiance Quantum ETF,Rigetti Computing Inc,RGTI,1.61,2025-09-13
QTUM,Defiance Quantum ETF,Alphabet Inc,GOOGL,1.6,2025-09-13
QTUM,Defiance Quantum ETF,Broadcom Inc,AVGO,1.6,2025-09-13
QTUM,Defiance Quantum ETF,Oracle Corp,ORCL,1.59,2025-09-13
QTUM,Defiance Quantum ETF,Hewlett Packard Enterprise Co,HPE,1.56,2025-09-13
QTUM,Defiance Quantum ETF,Lattice Semiconductor Corp,LSCC,1.56,2025-09-13
QTUM,Defiance Quantum ETF,Hon Hai Precision Industry Co Ltd,2317 TT,1.55,2025-09-13
QTUM,Defiance Quantum ETF,Advanced Micro Devices Inc,AMD,1.5,2025-09-13
QTUM,Defiance Quantum ETF,Mitsubishi Electric Corp,6503 JP,1.49,2025-09-13
QTUM,Defiance Quantum ETF,Radnet Inc,RDNT,1.49,2025-09-13
REMX,VanEck Rare Earth and Strategic Metals ETF,China Northern Rare Earth Group High-te,600111 C1,10.66,2025-09-13
REMX,VanEck Rare Earth and Strategic Metals ETF,Mp Materials Corp,MP US,9.97,2025-09-13
REMX,VanEck Rare Earth and Strategic Metals ETF,Lynas Rare Earths Ltd,LYC AU,8.04,2025-09-13
REMX,VanEck Rare Earth and Strategic Metals ETF,Albemarle Corp,ALB US,6.15,2025-09-13
REMX,VanEck Rare Earth and Strategic Metals ETF,Sociedad Quimica Y Minera De Chile Sa,SQM US,5.46,2025-09-13
REMX,VanEck Rare Earth and Strategic Metals ETF,Pilbara Minerals Ltd,PLS AU,5.31,2025-09-13
REMX,VanEck Rare Earth and Strategic Metals ETF,Shenghe Resources Holding Co Ltd,600392 C1,5.0,2025-09-13
REMX,VanEck Rare Earth and Strategic Metals ETF,Ganfeng Lithium Group Co Ltd,1772 HK,4.92,2025-09-13
REMX,VanEck Rare Earth and Strategic Metals ETF,Jinduicheng Molybdenum Co Ltd,601958 C1,4.9,2025-09-13
REMX,VanEck Rare Earth and Strategic Metals ETF,Iperionx Ltd,IPX AU,4.72,2025-09-13
REMX,VanEck Rare Earth and Strategic Metals ETF,Iluka Resources Ltd,ILU AU,4.59,2025-09-13
REMX,VanEck Rare Earth and Strategic Metals ETF,Xiamen Tungsten Co Ltd,600549 C1,4.56,2025-09-13
REMX,VanEck Rare Earth and Strategic Metals ETF,Amg Critical Materials Nv,AMG NA,4.35,2025-09-13
REMX,VanEck Rare Earth and Strategic Metals ETF,Liontown Resources Ltd,LTR AU,4.34,2025-09-13
REMX,VanEck Rare Earth and Strategic Metals ETF,Baoji Titanium Industry Co Ltd,600456 C1,3.05,2025-09-13
RSP,Invesco S&P 500 Equal Weight ETF,Oracle Corp,ORCL ,0.33,2025-09-13
RSP,Invesco S&P 500 Equal Weight ETF,Western Digital Corp,WDC ,0.33,2025-09-13
RSP,Invesco S&P 500 Equal Weight ETF,Arista Networks Inc,ANET ,0.31,2025-09-13
RSP,Invesco S&P 500 Equal Weight ETF,Seagate Technology Holdings Plc,STX ,0.29,2025-09-13
RSP,Invesco S&P 500 Equal Weight ETF,Warner Bros Discovery Inc,WBD ,0.29,2025-09-13
RSP,Invesco S&P 500 Equal Weight ETF,Corning Inc,GLW ,0.28,2025-09-13
RSP,Invesco S&P 500 Equal Weight ETF,Invesco Ltd,IVZ ,0.28,2025-09-13
RSP,Invesco S&P 500 Equal Weight ETF,Newmont Corp,NEM ,0.28,2025-09-13
RSP,Invesco S&P 500 Equal Weight ETF,Broadcom Inc,AVGO ,0.27,2025-09-13
RSP,Invesco S&P 500 Equal Weight ETF,Dr Horton Inc,DHI ,0.27,2025-09-13
RSP,Invesco S&P 500 Equal Weight ETF,Generac Holdings Inc,GNRC ,0.27,2025-09-13
RSP,Invesco S&P 500 Equal Weight ETF,Norwegian Cruise Line Holdings Ltd,NCLH ,0.27,2025-09-13
RSP,Invesco S&P 500 Equal Weight ETF,Paramount Skydance Corp,PSKY ,0.27,2025-09-13
RSP,Invesco S&P 500 Equal Weight ETF,Wynn Resorts Ltd,WYNN ,0.27,2025-09-13
RSP,Invesco S&P 500 Equal Weight ETF,Carnival Corp,CCL ,0.26,2025-09-13
RSPC,Invesco S&P 500 Equal Weight Communication Services ETF,Warner Bros Discovery Inc,WBD ,6.19,2025-09-13
RSPC,Invesco S&P 500 Equal Weight Communication Services ETF,Paramount Skydance Corp,PSKY ,5.74,2025-09-13
RSPC,Invesco S&P 500 Equal Weight Communication Services ETF,Tko Group Holdings Inc,TKO ,4.93,2025-09-13
RSPC,Invesco S&P 500 Equal Weight Communication Services ETF,Live Nation Entertainment Inc,LYV ,4.88,2025-09-13
RSPC,Invesco S&P 500 Equal Weight Communication Services ETF,Match Group Inc,MTCH ,4.85,2025-09-13
RSPC,Invesco S&P 500 Equal Weight Communication Services ETF,Electronic Arts Inc,EA ,4.63,2025-09-13
RSPC,Invesco S&P 500 Equal Weight Communication Services ETF,Interpublic Group Of Cos Inc/the,IPG ,4.52,2025-09-13
RSPC,Invesco S&P 500 Equal Weight Communication Services ETF,Meta Platforms Inc,META ,4.35,2025-09-13
RSPC,Invesco S&P 500 Equal Weight Communication Services ETF,Omnicom Group Inc,OMC ,4.27,2025-09-13
RSPC,Invesco S&P 500 Equal Weight Communication Services ETF,New York Times Co/the,NYT ,4.23,2025-09-13
RSPC,Invesco S&P 500 Equal Weight Communication Services ETF,Take-two Interactive Software Inc,TTWO ,4.23,2025-09-13
RSPC,Invesco S&P 500 Equal Weight Communication Services ETF,T-mobile Us Inc,TMUS ,4.2,2025-09-13
RSPC,Invesco S&P 500 Equal Weight Communication Services ETF,At&t Inc,T ,4.19,2025-09-13
RSPC,Invesco S&P 500 Equal Weight Communication Services ETF,Frontier Communications Parent Inc,FYBR ,4.17,2025-09-13
RSPC,Invesco S&P 500 Equal Weight Communication Services ETF,Verizon Communications Inc,VZ ,4.06,2025-09-13
RSPD,Invesco S&P 500 Equal Weight Consumer Discretionary ETF,Dr Horton Inc,DHI ,2.51,2025-09-13
RSPD,Invesco S&P 500 Equal Weight Consumer Discretionary ETF,Wynn Resorts Ltd,WYNN ,2.45,2025-09-13
RSPD,Invesco S&P 500 Equal Weight Consumer Discretionary ETF,Norwegian Cruise Line Holdings Ltd,NCLH ,2.44,2025-09-13
RSPD,Invesco S&P 500 Equal Weight Consumer Discretionary ETF,Carnival Corp,CCL ,2.35,2025-09-13
RSPD,Invesco S&P 500 Equal Weight Consumer Discretionary ETF,Pultegroup Inc,PHM ,2.32,2025-09-13
RSPD,Invesco S&P 500 Equal Weight Consumer Discretionary ETF,Mohawk Industries Inc,MHK ,2.31,2025-09-13
RSPD,Invesco S&P 500 Equal Weight Consumer Discretionary ETF,Las Vegas Sands Corp,LVS ,2.26,2025-09-13
RSPD,Invesco S&P 500 Equal Weight Consumer Discretionary ETF,Royal Caribbean Cruises Ltd,RCL ,2.26,2025-09-13
RSPD,Invesco S&P 500 Equal Weight Consumer Discretionary ETF,Tapestry Inc,TPR ,2.26,2025-09-13
RSPD,Invesco S&P 500 Equal Weight Consumer Discretionary ETF,Williams-sonoma Inc,WSM ,2.26,2025-09-13
RSPD,Invesco S&P 500 Equal Weight Consumer Discretionary ETF,Expedia Group Inc,EXPE ,2.21,2025-09-13
RSPD,Invesco S&P 500 Equal Weight Consumer Discretionary ETF,Lennar Corp,LEN ,2.17,2025-09-13
RSPD,Invesco S&P 500 Equal Weight Consumer Discretionary ETF,Lowe's Cos Inc,LOW ,2.12,2025-09-13
RSPD,Invesco S&P 500 Equal Weight Consumer Discretionary ETF,O'reilly Automotive Inc,ORLY ,2.07,2025-09-13
RSPD,Invesco S&P 500 Equal Weight Consumer Discretionary ETF,Aptiv Plc,APTV ,2.06,2025-09-13
RSPF,Invesco S&P 500 Equal Weight Financials ETF,Invesco Ltd,IVZ ,1.86,2025-09-13
RSPF,Invesco S&P 500 Equal Weight Financials ETF,Blackstone Inc,BX ,1.62,2025-09-13
RSPF,Invesco S&P 500 Equal Weight Financials ETF,Coinbase Global Inc,COIN ,1.61,2025-09-13
RSPF,Invesco S&P 500 Equal Weight Financials ETF,Citigroup Inc,C ,1.57,2025-09-13
RSPF,Invesco S&P 500 Equal Weight Financials ETF,Goldman Sachs Group Inc/the,GS ,1.56,2025-09-13
RSPF,Invesco S&P 500 Equal Weight Financials ETF,Citizens Financial Group Inc,CFG ,1.55,2025-09-13
RSPF,Invesco S&P 500 Equal Weight Financials ETF,Synchrony Financial,SYF ,1.53,2025-09-13
RSPF,Invesco S&P 500 Equal Weight Financials ETF,Regions Financial Corp,RF ,1.51,2025-09-13
RSPF,Invesco S&P 500 Equal Weight Financials ETF,Globe Life Inc,GL ,1.48,2025-09-13
RSPF,Invesco S&P 500 Equal Weight Financials ETF,Morgan Stanley,MS ,1.48,2025-09-13
RSPF,Invesco S&P 500 Equal Weight Financials ETF,Northern Trust Corp,NTRS ,1.48,2025-09-13
RSPF,Invesco S&P 500 Equal Weight Financials ETF,Bank Of New York Mellon Corp/the,BK ,1.47,2025-09-13
RSPF,Invesco S&P 500 Equal Weight Financials ETF,Keycorp,KEY ,1.47,2025-09-13
RSPF,Invesco S&P 500 Equal Weight Financials ETF,Fifth Third Bancorp,FITB ,1.44,2025-09-13
RSPF,Invesco S&P 500 Equal Weight Financials ETF,Raymond James Financial Inc,RJF ,1.44,2025-09-13
RSPG,Invesco S&P 500 Equal Weight Energy ETF,Baker Hughes Co,BKR ,5.61,2025-09-13
RSPG,Invesco S&P 500 Equal Weight Energy ETF,Valero Energy Corp,VLO ,5.48,2025-09-13
RSPG,Invesco S&P 500 Equal Weight Energy ETF,Apa Corp,APA ,5.46,2025-09-13
RSPG,Invesco S&P 500 Equal Weight Energy ETF,Marathon Petroleum Corp,MPC ,5.16,2025-09-13
RSPG,Invesco S&P 500 Equal Weight Energy ETF,Phillips 66,PSX ,5.1,2025-09-13
RSPG,Invesco S&P 500 Equal Weight Energy ETF,Chevron Corp,CVX ,5.09,2025-09-13
RSPG,Invesco S&P 500 Equal Weight Energy ETF,Occidental Petroleum Corp,OXY ,4.78,2025-09-13
RSPG,Invesco S&P 500 Equal Weight Energy ETF,Devon Energy Corp,DVN ,4.77,2025-09-13
RSPG,Invesco S&P 500 Equal Weight Energy ETF,Exxon Mobil Corp,XOM ,4.77,2025-09-13
RSPG,Invesco S&P 500 Equal Weight Energy ETF,Conocophillips,COP ,4.7,2025-09-13
RSPG,Invesco S&P 500 Equal Weight Energy ETF,Schlumberger Nv,SLB ,4.7,2025-09-13
RSPG,Invesco S&P 500 Equal Weight Energy ETF,Halliburton Co,HAL ,4.68,2025-09-13
RSPG,Invesco S&P 500 Equal Weight Energy ETF,Kinder Morgan Inc,KMI ,4.67,2025-09-13
RSPG,Invesco S&P 500 Equal Weight Energy ETF,Eog Resources Inc,EOG ,4.66,2025-09-13
RSPG,Invesco S&P 500 Equal Weight Energy ETF,Williams Cos Inc/the,WMB ,4.61,2025-09-13
RSPH,Invesco S&P 500 Equal Weight Health Care ETF,Incyte Corp,INCY ,2.04,2025-09-13
RSPH,Invesco S&P 500 Equal Weight Health Care ETF,Idexx Laboratories Inc,IDXX ,2.01,2025-09-13
RSPH,Invesco S&P 500 Equal Weight Health Care ETF,Humana Inc,HUM ,1.97,2025-09-13
RSPH,Invesco S&P 500 Equal Weight Health Care ETF,Iqvia Holdings Inc,IQV ,1.96,2025-09-13
RSPH,Invesco S&P 500 Equal Weight Health Care ETF,Thermo Fisher Scientific Inc,TMO ,1.94,2025-09-13
RSPH,Invesco S&P 500 Equal Weight Health Care ETF,West Pharmaceutical Services Inc,WST ,1.93,2025-09-13
RSPH,Invesco S&P 500 Equal Weight Health Care ETF,Abbvie Inc,ABBV ,1.88,2025-09-13
RSPH,Invesco S&P 500 Equal Weight Health Care ETF,Johnson & Johnson,JNJ ,1.88,2025-09-13
RSPH,Invesco S&P 500 Equal Weight Health Care ETF,Cvs Health Corp,CVS ,1.86,2025-09-13
RSPH,Invesco S&P 500 Equal Weight Health Care ETF,Unitedhealth Group Inc,UNH ,1.86,2025-09-13
RSPH,Invesco S&P 500 Equal Weight Health Care ETF,Viatris Inc,VTRS ,1.85,2025-09-13
RSPH,Invesco S&P 500 Equal Weight Health Care ETF,Biogen Inc,BIIB ,1.83,2025-09-13
RSPH,Invesco S&P 500 Equal Weight Health Care ETF,Insulet Corp,PODD ,1.83,2025-09-13
RSPH,Invesco S&P 500 Equal Weight Health Care ETF,Universal Health Services Inc,UHS ,1.81,2025-09-13
RSPH,Invesco S&P 500 Equal Weight Health Care ETF,Zimmer Biomet Holdings Inc,ZBH ,1.81,2025-09-13
RSPM,Invesco S&P 500 Equal Weight Materials ETF,Newmont Corp,NEM ,5.56,2025-09-13
RSPM,Invesco S&P 500 Equal Weight Materials ETF,Nucor Corp,NUE ,4.57,2025-09-13
RSPM,Invesco S&P 500 Equal Weight Materials ETF,Martin Marietta Materials Inc,MLM ,4.3,2025-09-13
RSPM,Invesco S&P 500 Equal Weight Materials ETF,Vulcan Materials Co,VMC ,4.3,2025-09-13
RSPM,Invesco S&P 500 Equal Weight Materials ETF,Albemarle Corp,ALB ,4.27,2025-09-13
RSPM,Invesco S&P 500 Equal Weight Materials ETF,Dupont De Nemours Inc,DD ,4.18,2025-09-13
RSPM,Invesco S&P 500 Equal Weight Materials ETF,Packaging Corp Of America,PKG ,4.18,2025-09-13
RSPM,Invesco S&P 500 Equal Weight Materials ETF,Freeport-mcmoran Inc,FCX ,4.17,2025-09-13
RSPM,Invesco S&P 500 Equal Weight Materials ETF,Smurfit Westrock Plc,SW ,3.92,2025-09-13
RSPM,Invesco S&P 500 Equal Weight Materials ETF,Air Products And Chemicals Inc,APD ,3.89,2025-09-13
RSPM,Invesco S&P 500 Equal Weight Materials ETF,Linde Plc,LIN ,3.84,2025-09-13
RSPM,Invesco S&P 500 Equal Weight Materials ETF,Sherwin-williams Co/the,SHW ,3.84,2025-09-13
RSPM,Invesco S&P 500 Equal Weight Materials ETF,Steel Dynamics Inc,STLD ,3.84,2025-09-13
RSPM,Invesco S&P 500 Equal Weight Materials ETF,Ecolab Inc,ECL ,3.82,2025-09-13
RSPM,Invesco S&P 500 Equal Weight Materials ETF,Corteva Inc,CTVA ,3.77,2025-09-13
RSPN,Invesco S&P 500 Equal Weight Industrials ETF,Generac Holdings Inc,GNRC ,1.73,2025-09-13
RSPN,Invesco S&P 500 Equal Weight Industrials ETF,Ch Robinson Worldwide Inc,CHRW ,1.66,2025-09-13
RSPN,Invesco S&P 500 Equal Weight Industrials ETF,United Airlines Holdings Inc,UAL ,1.66,2025-09-13
RSPN,Invesco S&P 500 Equal Weight Industrials ETF,United Rentals Inc,URI ,1.59,2025-09-13
RSPN,Invesco S&P 500 Equal Weight Industrials ETF,Ge Vernova Inc,GEV ,1.57,2025-09-13
RSPN,Invesco S&P 500 Equal Weight Industrials ETF,Allegion Plc,ALLE ,1.53,2025-09-13
RSPN,Invesco S&P 500 Equal Weight Industrials ETF,Builders Firstsource Inc,BLDR ,1.53,2025-09-13
RSPN,Invesco S&P 500 Equal Weight Industrials ETF,Cummins Inc,CMI ,1.52,2025-09-13
RSPN,Invesco S&P 500 Equal Weight Industrials ETF,Leidos Holdings Inc,LDOS ,1.52,2025-09-13
RSPN,Invesco S&P 500 Equal Weight Industrials ETF,Delta Air Lines Inc,DAL ,1.47,2025-09-13
RSPN,Invesco S&P 500 Equal Weight Industrials ETF,Huntington Ingalls Industries Inc,HII ,1.46,2025-09-13
RSPN,Invesco S&P 500 Equal Weight Industrials ETF,General Dynamics Corp,GD ,1.43,2025-09-13
RSPN,Invesco S&P 500 Equal Weight Industrials ETF,Northrop Grumman Corp,NOC ,1.43,2025-09-13
RSPN,Invesco S&P 500 Equal Weight Industrials ETF,Caterpillar Inc,CAT ,1.42,2025-09-13
RSPN,Invesco S&P 500 Equal Weight Industrials ETF,Masco Corp,MAS ,1.41,2025-09-13
RSPR,Invesco S&P 500 Equal Weight Real Estate ETF,Cbre Group Inc,CBRE ,3.94,2025-09-13
RSPR,Invesco S&P 500 Equal Weight Real Estate ETF,Alexandria Real Estate Equities Inc,ARE ,3.68,2025-09-13
RSPR,Invesco S&P 500 Equal Weight Real Estate ETF,Simon Property Group Inc,SPG ,3.66,2025-09-13
RSPR,Invesco S&P 500 Equal Weight Real Estate ETF,Welltower Inc,WELL ,3.57,2025-09-13
RSPR,Invesco S&P 500 Equal Weight Real Estate ETF,Host Hotels & Resorts Inc,HST ,3.52,2025-09-13
RSPR,Invesco S&P 500 Equal Weight Real Estate ETF,Ventas Inc,VTR ,3.48,2025-09-13
RSPR,Invesco S&P 500 Equal Weight Real Estate ETF,Kimco Realty Corp,KIM ,3.4,2025-09-13
RSPR,Invesco S&P 500 Equal Weight Real Estate ETF,Costar Group Inc,CSGP ,3.39,2025-09-13
RSPR,Invesco S&P 500 Equal Weight Real Estate ETF,Prologis Inc,PLD ,3.37,2025-09-13
RSPR,Invesco S&P 500 Equal Weight Real Estate ETF,Federal Realty Investment Trust,FRT ,3.36,2025-09-13
RSPR,Invesco S&P 500 Equal Weight Real Estate ETF,Bxp Inc,BXP ,3.32,2025-09-13
RSPR,Invesco S&P 500 Equal Weight Real Estate ETF,Realty Income Corp,O ,3.31,2025-09-13
RSPR,Invesco S&P 500 Equal Weight Real Estate ETF,Healthpeak Properties Inc,DOC ,3.3,2025-09-13
RSPR,Invesco S&P 500 Equal Weight Real Estate ETF,Vici Properties Inc,VICI ,3.25,2025-09-13
RSPR,Invesco S&P 500 Equal Weight Real Estate ETF,Regency Centers Corp,REG ,3.24,2025-09-13
RSPS,Invesco S&P 500 Equal Weight Consumer Staples ETF,Archer-daniels-midland Co,ADM ,3.43,2025-09-13
RSPS,Invesco S&P 500 Equal Weight Consumer Staples ETF,Estee Lauder Cos Inc/the,EL ,3.37,2025-09-13
RSPS,Invesco S&P 500 Equal Weight Consumer Staples ETF,J M Smucker Co/the,SJM ,3.14,2025-09-13
RSPS,Invesco S&P 500 Equal Weight Consumer Staples ETF,Altria Group Inc,MO ,3.01,2025-09-13
RSPS,Invesco S&P 500 Equal Weight Consumer Staples ETF,Pepsico Inc,PEP ,3.01,2025-09-13
RSPS,Invesco S&P 500 Equal Weight Consumer Staples ETF,Hershey Co/the,HSY ,3.0,2025-09-13
RSPS,Invesco S&P 500 Equal Weight Consumer Staples ETF,Bunge Global Sa,BG ,2.95,2025-09-13
RSPS,Invesco S&P 500 Equal Weight Consumer Staples ETF,Sysco Corp,SYY ,2.94,2025-09-13
RSPS,Invesco S&P 500 Equal Weight Consumer Staples ETF,Walmart Inc,WMT ,2.91,2025-09-13
RSPS,Invesco S&P 500 Equal Weight Consumer Staples ETF,Dollar Tree Inc,DLTR ,2.86,2025-09-13
RSPS,Invesco S&P 500 Equal Weight Consumer Staples ETF,Kroger Co/the,KR ,2.82,2025-09-13
RSPS,Invesco S&P 500 Equal Weight Consumer Staples ETF,Lamb Weston Holdings Inc,LW ,2.78,2025-09-13
RSPS,Invesco S&P 500 Equal Weight Consumer Staples ETF,Monster Beverage Corp,MNST ,2.77,2025-09-13
RSPS,Invesco S&P 500 Equal Weight Consumer Staples ETF,Tyson Foods Inc,TSN ,2.75,2025-09-13
RSPS,Invesco S&P 500 Equal Weight Consumer Staples ETF,The Campbell's Company,CPB ,2.74,2025-09-13
RSPT,Invesco S&P 500 Equal Weight Technology ETF,Oracle Corp,ORCL ,2.35,2025-09-13
RSPT,Invesco S&P 500 Equal Weight Technology ETF,Western Digital Corp,WDC ,2.32,2025-09-13
RSPT,Invesco S&P 500 Equal Weight Technology ETF,Arista Networks Inc,ANET ,2.18,2025-09-13
RSPT,Invesco S&P 500 Equal Weight Technology ETF,Seagate Technology Holdings Plc,STX ,2.09,2025-09-13
RSPT,Invesco S&P 500 Equal Weight Technology ETF,Corning Inc,GLW ,2.01,2025-09-13
RSPT,Invesco S&P 500 Equal Weight Technology ETF,Broadcom Inc,AVGO ,1.91,2025-09-13
RSPT,Invesco S&P 500 Equal Weight Technology ETF,Hewlett Packard Enterprise Co,HPE ,1.83,2025-09-13
RSPT,Invesco S&P 500 Equal Weight Technology ETF,Teradyne Inc,TER ,1.79,2025-09-13
RSPT,Invesco S&P 500 Equal Weight Technology ETF,Micron Technology Inc,MU ,1.74,2025-09-13
RSPT,Invesco S&P 500 Equal Weight Technology ETF,Advanced Micro Devices Inc,AMD ,1.73,2025-09-13
RSPT,Invesco S&P 500 Equal Weight Technology ETF,Amphenol Corp,APH ,1.72,2025-09-13
RSPT,Invesco S&P 500 Equal Weight Technology ETF,Te Connectivity Plc,TEL ,1.72,2025-09-13
RSPT,Invesco S&P 500 Equal Weight Technology ETF,Lam Research Corp,LRCX ,1.7,2025-09-13
RSPT,Invesco S&P 500 Equal Weight Technology ETF,Nvidia Corp,NVDA ,1.67,2025-09-13
RSPT,Invesco S&P 500 Equal Weight Technology ETF,First Solar Inc,FSLR ,1.63,2025-09-13
RSPU,Invesco S&P 500 Equal Weight Utilities ETF,Vistra Corp,VST ,3.73,2025-09-13
RSPU,Invesco S&P 500 Equal Weight Utilities ETF,Edison International,EIX ,3.45,2025-09-13
RSPU,Invesco S&P 500 Equal Weight Utilities ETF,Aes Corp/the,AES ,3.41,2025-09-13
RSPU,Invesco S&P 500 Equal Weight Utilities ETF,Sempra,SRE ,3.35,2025-09-13
RSPU,Invesco S&P 500 Equal Weight Utilities ETF,Atmos Energy Corp,ATO ,3.33,2025-09-13
RSPU,Invesco S&P 500 Equal Weight Utilities ETF,Entergy Corp,ETR ,3.33,2025-09-13
RSPU,Invesco S&P 500 Equal Weight Utilities ETF,Pg&e Corp,PCG ,3.33,2025-09-13
RSPU,Invesco S&P 500 Equal Weight Utilities ETF,Constellation Energy Corp,CEG ,3.32,2025-09-13
RSPU,Invesco S&P 500 Equal Weight Utilities ETF,Firstenergy Corp,FE ,3.31,2025-09-13
RSPU,Invesco S&P 500 Equal Weight Utilities ETF,Dominion Energy Inc,D ,3.29,2025-09-13
RSPU,Invesco S&P 500 Equal Weight Utilities ETF,Evergy Inc,EVRG ,3.27,2025-09-13
RSPU,Invesco S&P 500 Equal Weight Utilities ETF,American Electric Power Co Inc,AEP ,3.25,2025-09-13
RSPU,Invesco S&P 500 Equal Weight Utilities ETF,Ppl Corp,PPL ,3.25,2025-09-13
RSPU,Invesco S&P 500 Equal Weight Utilities ETF,Xcel Energy Inc,XEL ,3.25,2025-09-13
RSPU,Invesco S&P 500 Equal Weight Utilities ETF,Centerpoint Energy Inc,CNP ,3.24,2025-09-13
SIL,Silver Miners ETF,Wheaton Precious,WPM,19.73,2025-09-13
SIL,Silver Miners ETF,Pan American Silver Corp,PAAS,12.72,2025-09-13
SIL,Silver Miners ETF,Coeur Mining Inc,CDE,7.92,2025-09-13
SIL,Silver Miners ETF,Or Royalties Inc,OR CN,6.52,2025-09-13
SIL,Silver Miners ETF,Industrias Penol,PE&OLES* MM,6.14,2025-09-13
SIL,Silver Miners ETF,Fresnillo Plc,FRES LN,5.62,2025-09-13
SIL,Silver Miners ETF,Hecla Mining Co,HL,5.1,2025-09-13
SIL,Silver Miners ETF,Ssr Mining Inc,SSRM,4.7,2025-09-13
SIL,Silver Miners ETF,Korea Zinc Co Ltd,010130 KS,4.54,2025-09-13
SIL,Silver Miners ETF,First Majestic S,AG CN,4.44,2025-09-13
SIL,Silver Miners ETF,Buenaventura-adr,BVN,3.63,2025-09-13
SIL,Silver Miners ETF,Fortuna Mining Corp,FVI CN,2.65,2025-09-13
SIL,Silver Miners ETF,Triple Flag Precious Met,TFPM CN,1.9,2025-09-13
SIL,Silver Miners ETF,Endeavour Silver Corp,EXK,1.64,2025-09-13
SIL,Silver Miners ETF,Hochschild Mining Plc,HOC LN,1.56,2025-09-13
SPY,SPDR S&P 500 ETF Trust,Nvidia Corp,NVDA,7.72,2025-09-13
SPY,SPDR S&P 500 ETF Trust,Microsoft Corp,MSFT,6.65,2025-09-13
SPY,SPDR S&P 500 ETF Trust,Apple Inc,AAPL,6.14,2025-09-13
SPY,SPDR S&P 500 ETF Trust,Amazon.com Inc,AMZN,3.88,2025-09-13
SPY,SPDR S&P 500 ETF Trust,Broadcom Inc,AVGO,3.02,2025-09-13
SPY,SPDR S&P 500 ETF Trust,Meta Platforms Inc Class A,META,2.91,2025-09-13
SPY,SPDR S&P 500 ETF Trust,Alphabet Inc Cl A,GOOGL,2.5,2025-09-13
SPY,SPDR S&P 500 ETF Trust,Alphabet Inc Cl C,GOOG,2.02,2025-09-13
SPY,SPDR S&P 500 ETF Trust,Tesla Inc,TSLA,1.85,2025-09-13
SPY,SPDR S&P 500 ETF Trust,Berkshire Hathaway Inc Cl B,BRK.B,1.63,2025-09-13
SPY,SPDR S&P 500 ETF Trust,Jpmorgan Chase + Co,JPM,1.52,2025-09-13
SPY,SPDR S&P 500 ETF Trust,Eli Lilly + Co,LLY,1.06,2025-09-13
SPY,SPDR S&P 500 ETF Trust,Visa Inc Class A Shares,V,1.05,2025-09-13
SPY,SPDR S&P 500 ETF Trust,Netflix Inc,NFLX,0.91,2025-09-13
SPY,SPDR S&P 500 ETF Trust,Oracle Corp,ORCL,0.89,2025-09-13
TAN,Invesco Solar ETF,First Solar Inc,FSLR ,9.66,2025-09-13
TAN,Invesco Solar ETF,Nextracker Inc,NXT ,9.25,2025-09-13
TAN,Invesco Solar ETF,Gcl Technology Holdings Ltd,3800 HK,7.9,2025-09-13
TAN,Invesco Solar ETF,Enphase Energy Inc,ENPH ,6.81,2025-09-13
TAN,Invesco Solar ETF,Sunrun Inc,RUN ,6.44,2025-09-13
TAN,Invesco Solar ETF,Xinyi Solar Holdings Ltd,968 HK,5.22,2025-09-13
TAN,Invesco Solar ETF,Enlight Renewable Energy Ltd,ENLT ,5.03,2025-09-13
TAN,Invesco Solar ETF,Ha Sustainable Infrastructure Capital Inc,HASI ,3.97,2025-09-13
TAN,Invesco Solar ETF,Daqo New Energy Corp Adr,DQ ,3.81,2025-09-13
TAN,Invesco Solar ETF,Solaredge Technologies Inc,SEDG ,3.62,2025-09-13
TAN,Invesco Solar ETF,Shoals Technologies Group Inc,SHLS ,3.21,2025-09-13
TAN,Invesco Solar ETF,Solaria Energia Y Medio Ambiente Sa,SLR ,3.14,2025-09-13
TAN,Invesco Solar ETF,Clearway Energy Inc,CWEN ,3.07,2025-09-13
TAN,Invesco Solar ETF,Jinkosolar Holding Co Ltd Adr,JKS ,2.79,2025-09-13
TAN,Invesco Solar ETF,Array Technologies Inc,ARRY ,2.73,2025-09-13
URNM,Sprott Uranium Miners ETF,Cameco Corp.,CCJ,17.59,2025-09-13
URNM,Sprott Uranium Miners ETF,Nac Kazatomprom Jsc,KAP LI,13.14,2025-09-13
URNM,Sprott Uranium Miners ETF,Sprott Physical Uranium Trust,U-U CN,10.33,2025-09-13
URNM,Sprott Uranium Miners ETF,Energy Fuels Inc.,UUUU,8.39,2025-09-13
URNM,Sprott Uranium Miners ETF,Uranium Energy Corp.,UEC,6.58,2025-09-13
URNM,Sprott Uranium Miners ETF,Cgn Mining Co. Ltd.,1164 HK,5.32,2025-09-13
URNM,Sprott Uranium Miners ETF,Denison Mines Corp.,DNN,4.98,2025-09-13
URNM,Sprott Uranium Miners ETF,Deep Yellow Ltd.,DYL AU,4.95,2025-09-13
URNM,Sprott Uranium Miners ETF,Nexgen Energy Ltd.,NXE,4.84,2025-09-13
URNM,Sprott Uranium Miners ETF,Paladin Energy Ltd.,PDN AU,3.68,2025-09-13
URNM,Sprott Uranium Miners ETF,Yellow Cake Plc,YCA LN,3.36,2025-09-13
URNM,Sprott Uranium Miners ETF,Ur-energy Inc.,URG,2.18,2025-09-13
URNM,Sprott Uranium Miners ETF,Boss Energy Ltd.,BOE AU,1.91,2025-09-13
URNM,Sprott Uranium Miners ETF,Encore Energy Corp.,EU CN,1.73,2025-09-13
URNM,Sprott Uranium Miners ETF,Bannerman Energy Ltd.,BMN AU,1.67,2025-09-13
VNM,VanEck Vietnam ETF,Vinhomes Jsc,VHM VN,7.98,2025-09-13
VNM,VanEck Vietnam ETF,Vingroup Jsc,VIC VN,7.81,2025-09-13
VNM,VanEck Vietnam ETF,Ssi Securities Corp,SSI VN,6.97,2025-09-13
VNM,VanEck Vietnam ETF,Hoa Phat Group Jsc,HPG VN,6.76,2025-09-13
VNM,VanEck Vietnam ETF,Vix Securities Jsc,VIX VN,6.71,2025-09-13
VNM,VanEck Vietnam ETF,Bank For Foreign Trade Of Vietnam Jsc,VCB VN,5.22,2025-09-13
VNM,VanEck Vietnam ETF,Vietnam Dairy Products Jsc,VNM VN,5.11,2025-09-13
VNM,VanEck Vietnam ETF,Masan Group Corp,MSN VN,4.1,2025-09-13
VNM,VanEck Vietnam ETF,Vndirect Securities Corp,VND VN,3.91,2025-09-13
VNM,VanEck Vietnam ETF,Vietcap Securities Jsc,VCI VN,3.14,2025-09-13
VNM,VanEck Vietnam ETF,Saigon - Hanoi Commercial Joint Stock B,SHB VN,3.03,2025-09-13
VNM,VanEck Vietnam ETF,Vincom Retail Jsc,VRE VN,2.76,2025-09-13
VNM,VanEck Vietnam ETF,Gelex Group Jsc,GEX VN,2.48,2025-09-13
VNM,VanEck Vietnam ETF,Vietnam Export Import Commercial Jsb,EIB VN,1.87,2025-09-13
VNM,VanEck Vietnam ETF,No Va Land Investment Group Corp,NVL VN,1.86,2025-09-13
XAR,SPDR S&P Aerospace & Defense ETF,Rocket Lab Corp,RKLB,5.56,2025-09-13
XAR,SPDR S&P Aerospace & Defense ETF,Kratos Defense + Security,KTOS,5.26,2025-09-13
XAR,SPDR S&P Aerospace & Defense ETF,Aerovironment Inc,AVAV,4.01,2025-09-13
XAR,SPDR S&P Aerospace & Defense ETF,Bwx Technologies Inc,BWXT,3.93,2025-09-13
XAR,SPDR S&P Aerospace & Defense ETF,Huntington Ingalls Industrie,HII,3.83,2025-09-13
XAR,SPDR S&P Aerospace & Defense ETF,General Dynamics Corp,GD,3.75,2025-09-13
XAR,SPDR S&P Aerospace & Defense ETF,Northrop Grumman Corp,NOC,3.75,2025-09-13
XAR,SPDR S&P Aerospace & Defense ETF,General Electric,GE,3.6,2025-09-13
XAR,SPDR S&P Aerospace & Defense ETF,L3harris Technologies Inc,LHX,3.57,2025-09-13
XAR,SPDR S&P Aerospace & Defense ETF,Hexcel Corp,HXL,3.49,2025-09-13
XAR,SPDR S&P Aerospace & Defense ETF,Rtx Corp,RTX,3.49,2025-09-13
XAR,SPDR S&P Aerospace & Defense ETF,Curtiss Wright Corp,CW,3.4,2025-09-13
XAR,SPDR S&P Aerospace & Defense ETF,Howmet Aerospace Inc,HWM,3.39,2025-09-13
XAR,SPDR S&P Aerospace & Defense ETF,Textron Inc,TXT,3.36,2025-09-13
XAR,SPDR S&P Aerospace & Defense ETF,Heico Corp,HEI,3.33,2025-09-13
XBI,SPDR S&P Biotech ETF,Alnylam Pharmaceuticals Inc,ALNY,3.43,2025-09-13
XBI,SPDR S&P Biotech ETF,Insmed Inc,INSM,3.25,2025-09-13
XBI,SPDR S&P Biotech ETF,United Therapeutics Corp,UTHR,3.2,2025-09-13
XBI,SPDR S&P Biotech ETF,Halozyme Therapeutics Inc,HALO,3.14,2025-09-13
XBI,SPDR S&P Biotech ETF,Incyte Corp,INCY,2.73,2025-09-13
XBI,SPDR S&P Biotech ETF,Neurocrine Biosciences Inc,NBIX,2.53,2025-09-13
XBI,SPDR S&P Biotech ETF,Abbvie Inc,ABBV,2.51,2025-09-13
XBI,SPDR S&P Biotech ETF,Madrigal Pharmaceuticals Inc,MDGL,2.45,2025-09-13
XBI,SPDR S&P Biotech ETF,Biogen Inc,BIIB,2.44,2025-09-13
XBI,SPDR S&P Biotech ETF,Regeneron Pharmaceuticals,REGN,2.39,2025-09-13
XBI,SPDR S&P Biotech ETF,Bridgebio Pharma Inc,BBIO,2.35,2025-09-13
XBI,SPDR S&P Biotech ETF,Gilead Sciences Inc,GILD,2.35,2025-09-13
XBI,SPDR S&P Biotech ETF,Natera Inc,NTRA,2.28,2025-09-13
XBI,SPDR S&P Biotech ETF,Exact Sciences Corp,EXAS,2.2,2025-09-13
XBI,SPDR S&P Biotech ETF,Biomarin Pharmaceutical Inc,BMRN,2.14,2025-09-13
XHB,SPDR S&P Homebuilders ETF,Installed Building Products,IBP,4.38,2025-09-13
XHB,SPDR S&P Homebuilders ETF,Dr Horton Inc,DHI,3.99,2025-09-13
XHB,SPDR S&P Homebuilders ETF,Topbuild Corp,BLD,3.85,2025-09-13
XHB,SPDR S&P Homebuilders ETF,Toll Brothers Inc,TOL,3.69,2025-09-13
XHB,SPDR S&P Homebuilders ETF,Pultegroup Inc,PHM,3.68,2025-09-13
XHB,SPDR S&P Homebuilders ETF,Somnigroup International Inc,SGI,3.63,2025-09-13
XHB,SPDR S&P Homebuilders ETF,Williams Sonoma Inc,WSM,3.59,2025-09-13
XHB,SPDR S&P Homebuilders ETF,Allegion Plc,ALLE,3.53,2025-09-13
XHB,SPDR S&P Homebuilders ETF,Builders Firstsource Inc,BLDR,3.52,2025-09-13
XHB,SPDR S&P Homebuilders ETF,Kb Home,KBH,3.47,2025-09-13
XHB,SPDR S&P Homebuilders ETF,Lennar Corp A,LEN,3.45,2025-09-13
XHB,SPDR S&P Homebuilders ETF,Advanced Drainage Systems In,WMS,3.44,2025-09-13
XHB,SPDR S&P Homebuilders ETF,Meritage Homes Corp,MTH,3.39,2025-09-13
XHB,SPDR S&P Homebuilders ETF,Lowe S Cos Inc,LOW,3.38,2025-09-13
XHB,SPDR S&P Homebuilders ETF,Taylor Morrison Home Corp,TMHC,3.33,2025-09-13
XOP,SPDR S&P Oil & Gas Exploration & Production ETF,Hf Sinclair Corp,DINO,3.96,2025-09-13
XOP,SPDR S&P Oil & Gas Exploration & Production ETF,Valero Energy Corp,VLO,3.48,2025-09-13
XOP,SPDR S&P Oil & Gas Exploration & Production ETF,Apa Corp,APA,3.47,2025-09-13
XOP,SPDR S&P Oil & Gas Exploration & Production ETF,Marathon Petroleum Corp,MPC,3.27,2025-09-13
XOP,SPDR S&P Oil & Gas Exploration & Production ETF,Phillips 66,PSX,3.24,2025-09-13
XOP,SPDR S&P Oil & Gas Exploration & Production ETF,Chevron Corp,CVX,3.23,2025-09-13
XOP,SPDR S&P Oil & Gas Exploration & Production ETF,Ovintiv Inc,OVV,3.09,2025-09-13
XOP,SPDR S&P Oil & Gas Exploration & Production ETF,Chord Energy Corp,CHRD,3.05,2025-09-13
XOP,SPDR S&P Oil & Gas Exploration & Production ETF,Occidental Petroleum Corp,OXY,3.04,2025-09-13
XOP,SPDR S&P Oil & Gas Exploration & Production ETF,Devon Energy Corp,DVN,3.03,2025-09-13
XOP,SPDR S&P Oil & Gas Exploration & Production ETF,Exxon Mobil Corp,XOM,3.03,2025-09-13
XOP,SPDR S&P Oil & Gas Exploration & Production ETF,Conocophillips,COP,2.98,2025-09-13
XOP,SPDR S&P Oil & Gas Exploration & Production ETF,Eog Resources Inc,EOG,2.96,2025-09-13
XOP,SPDR S&P Oil & Gas Exploration & Production ETF,Magnolia Oil + Gas Corp   A,MGY,2.93,2025-09-13
XOP,SPDR S&P Oil & Gas Exploration & Production ETF,Matador Resources Co,MTDR,2.93,2025-09-13
XRT,SPDR S&P Retail ETF,American Eagle Outfitters,AEO,2.41,2025-09-13
XRT,SPDR S&P Retail ETF,Kohls Corp,KSS,2.28,2025-09-13
XRT,SPDR S&P Retail ETF,Sally Beauty Holdings Inc,SBH,2.07,2025-09-13
XRT,SPDR S&P Retail ETF,Realreal Inc/the,REAL,1.93,2025-09-13
XRT,SPDR S&P Retail ETF,Build A Bear Workshop Inc,BBW,1.88,2025-09-13
XRT,SPDR S&P Retail ETF,Dillards Inc Cl A,DDS,1.81,2025-09-13
XRT,SPDR S&P Retail ETF,Macy S Inc,M,1.78,2025-09-13
XRT,SPDR S&P Retail ETF,Buckle Inc/the,BKE,1.75,2025-09-13
XRT,SPDR S&P Retail ETF,Grocery Outlet Holding Corp,GO,1.66,2025-09-13
XRT,SPDR S&P Retail ETF,Victoria S Secret + Co,VSCO,1.6,2025-09-13
XRT,SPDR S&P Retail ETF,Dick S Sporting Goods Inc,DKS,1.54,2025-09-13
XRT,SPDR S&P Retail ETF,Warby Parker Inc Class A,WRBY,1.51,2025-09-13
XRT,SPDR S&P Retail ETF,Winmark Corp,WINA,1.51,2025-09-13
XRT,SPDR S&P Retail ETF,Advance Auto Parts Inc,AAP,1.5,2025-09-13
XRT,SPDR S&P Retail ETF,O Reilly Automotive Inc,ORLY,1.49,2025-09-13
XSD,SPDR S&P Semiconductor ETF,Astera Labs Inc,ALAB,5.85,2025-09-13
XSD,SPDR S&P Semiconductor ETF,Credo Technology Group Holdi,CRDO,5.28,2025-09-13
XSD,SPDR S&P Semiconductor ETF,Impinj Inc,PI,3.92,2025-09-13
XSD,SPDR S&P Semiconductor ETF,Ambarella Inc,AMBA,3.65,2025-09-13
XSD,SPDR S&P Semiconductor ETF,Semtech Corp,SMTC,3.45,2025-09-13
XSD,SPDR S&P Semiconductor ETF,Rambus Inc,RMBS,3.43,2025-09-13
XSD,SPDR S&P Semiconductor ETF,Broadcom Inc,AVGO,3.38,2025-09-13
XSD,SPDR S&P Semiconductor ETF,Rigetti Computing Inc,RGTI,3.16,2025-09-13
XSD,SPDR S&P Semiconductor ETF,Micron Technology Inc,MU,3.08,2025-09-13
XSD,SPDR S&P Semiconductor ETF,Lattice Semiconductor Corp,LSCC,3.07,2025-09-13
XSD,SPDR S&P Semiconductor ETF,Advanced Micro Devices,AMD,3.05,2025-09-13
XSD,SPDR S&P Semiconductor ETF,Nvidia Corp,NVDA,2.94,2025-09-13
XSD,SPDR S&P Semiconductor ETF,First Solar Inc,FSLR,2.87,2025-09-13
XSD,SPDR S&P Semiconductor ETF,Sitime Corp,SITM,2.85,2025-09-13
XSD,SPDR S&P Semiconductor ETF,Intel Corp,INTC,2.82,2025-09-13
